rest_id,chain,state,southj,centralj,shore,pa1,pa2,period,empft,emppt,nmgrs,stwage,pentree,fte,time,post,treated
46,BK,PA,0,0,0,1,0,pre,30,15,3,NA,16.5,40.5,1,0,0
46,BK,PA,0,0,0,1,0,post,3.5,35,3,4.3,16.5,24,2,1,0
49,KFC,PA,0,0,0,1,0,pre,6.5,6.5,4,NA,13,13.75,1,0,0
49,KFC,PA,0,0,0,1,0,post,0,15,4,4.45,13,11.5,2,1,0
506,KFC,PA,0,0,0,1,0,pre,3,7,2,NA,10,8.5,1,0,0
506,KFC,PA,0,0,0,1,0,post,3,7,4,5,11,10.5,2,1,0
56,Wendys,PA,0,0,0,1,0,pre,20,20,4,5,12,34,1,0,0
56,Wendys,PA,0,0,0,1,0,post,0,36,2,5.25,12,20,2,1,0
61,Wendys,PA,0,0,0,1,0,pre,6,26,5,5.5,12,24,1,0,0
61,Wendys,PA,0,0,0,1,0,post,28,3,6,4.75,12,35.5,2,1,0
62,Wendys,PA,0,0,0,1,0,pre,0,31,5,5,12,20.5,1,0,0
62,Wendys,PA,0,0,0,1,0,post,NA,NA,NA,NA,12,NA,2,1,0
445,BK,PA,0,0,0,0,1,pre,50,35,3,5,18,70.5,1,0,0
445,BK,PA,0,0,0,0,1,post,15,18,5,4.75,18,29,2,1,0
451,BK,PA,0,0,0,0,1,pre,10,17,5,5,24,23.5,1,0,0
451,BK,PA,0,0,0,0,1,post,26,9,6,5,24,36.5,2,1,0
455,KFC,PA,0,0,0,0,1,pre,2,8,5,5.25,10,11,1,0,0
455,KFC,PA,0,0,0,0,1,post,3,12,2,5,11,11,2,1,0
458,KFC,PA,0,0,0,1,0,pre,2,10,2,5,10,9,1,0,0
458,KFC,PA,0,0,0,1,0,post,2,9,2,5,10.5,8.5,2,1,0
462,Roys,PA,0,0,0,0,1,pre,2.5,20,3,5,12.5,15.5,1,0,0
462,Roys,PA,0,0,0,0,1,post,1,25,4,4.75,12,17.5,2,1,0
468,BK,PA,0,0,0,0,1,pre,40,30,3,5,18,58,1,0,0
468,BK,PA,0,0,0,0,1,post,9,32,4,5,18,29,2,1,0
469,BK,PA,0,0,0,0,1,pre,8,27,5,5,18,26.5,1,0,0
469,BK,PA,0,0,0,0,1,post,7,39,4,4.5,18,30.5,2,1,0
470,BK,PA,0,0,0,0,1,pre,10.5,30,3,5.5,18,28.5,1,0,0
470,BK,PA,0,0,0,0,1,post,18,10,3,4.75,18,26,2,1,0
474,BK,PA,0,0,0,0,1,pre,6,9,3,5,12.5,13.5,1,0,0
474,BK,PA,0,0,0,0,1,post,5,20,3,4.5,13,18,2,1,0
481,KFC,PA,0,0,0,0,1,pre,5,17.5,3,5.25,10,16.75,1,0,0
481,KFC,PA,0,0,0,0,1,post,15,4,3,5,11,20,2,1,0
483,KFC,PA,0,0,0,0,1,pre,1,15,1,5,10,9.5,1,0,0
483,KFC,PA,0,0,0,0,1,post,4,13,3,4.75,11,13.5,2,1,0
487,Roys,PA,0,0,0,0,1,pre,10,6,2,5,11.5,15,1,0,0
487,Roys,PA,0,0,0,0,1,post,6,20,3,4.75,11,19,2,1,0
488,Roys,PA,0,0,0,0,1,pre,20,13,3,5,16,29.5,1,0,0
488,Roys,PA,0,0,0,0,1,post,5,15,3,4.75,15,15.5,2,1,0
489,Roys,PA,0,0,0,0,1,pre,5,23,2,5,14,18.5,1,0,0
489,Roys,PA,0,0,0,0,1,post,2,19,3,4.25,11.5,14.5,2,1,0
490,Roys,PA,0,0,0,0,1,pre,10,12.5,4,5,16,20.25,1,0,0
490,Roys,PA,0,0,0,0,1,post,2,18,3,5,16,14,2,1,0
493,Roys,PA,0,0,0,1,0,pre,27,12,3,5,16,36,1,0,0
493,Roys,PA,0,0,0,1,0,post,0,30,4,4.9,16,19,2,1,0
495,Roys,PA,0,0,0,0,1,pre,4,28,3,5,15,21,1,0,0
495,Roys,PA,0,0,0,0,1,post,8,20,3,5,16,21,2,1,0
496,Roys,PA,0,0,0,0,1,pre,10,15,3,5,16,20.5,1,0,0
496,Roys,PA,0,0,0,0,1,post,10,10,3,4.75,16,18,2,1,0
499,Wendys,PA,0,0,0,0,1,pre,0,28,5,5,12,19,1,0,0
499,Wendys,PA,0,0,0,0,1,post,0,31,5,5,12,20.5,2,1,0
509,Roys,PA,0,0,0,0,1,pre,3,16,3,5,16,14,1,0,0
509,Roys,PA,0,0,0,0,1,post,5.5,10,3,4.25,15.5,13.5,2,1,0
515,Roys,PA,0,0,0,0,1,pre,7,16,4,5,16,19,1,0,0
515,Roys,PA,0,0,0,0,1,post,5,19,3,4.75,16,17.5,2,1,0
37,BK,PA,0,0,0,1,0,pre,21,9,7,4.25,16.5,32.5,1,0,0
37,BK,PA,0,0,0,1,0,post,6,25,7,4.25,16.5,25.5,2,1,0
39,BK,PA,0,0,0,1,0,pre,1,32,2,4.25,17.5,19,1,0,0
39,BK,PA,0,0,0,1,0,post,5,15,3,NA,16.5,15.5,2,1,0
40,BK,PA,0,0,0,1,0,pre,10,20,7,4.25,16.5,27,1,0,0
40,BK,PA,0,0,0,1,0,post,7,25,6,4.25,17.5,25.5,2,1,0
41,BK,PA,0,0,0,1,0,pre,0,27,6,4.25,16.5,19.5,1,0,0
41,BK,PA,0,0,0,1,0,post,0,42,6,4.25,17.5,27,2,1,0
42,BK,PA,0,0,0,1,0,pre,17,4,5,4.5,16.5,24,1,0,0
42,BK,PA,0,0,0,1,0,post,0,22,5,4.25,16.5,16,2,1,0
45,BK,PA,0,0,0,1,0,pre,0,24,6,4.25,16,18,1,0,0
45,BK,PA,0,0,0,1,0,post,11,12,2,4.25,17.5,19,2,1,0
47,BK,PA,0,0,0,1,0,pre,25,15,NA,4.5,17,NA,1,0,0
47,BK,PA,0,0,0,1,0,post,0,45,2,4.25,18,24.5,2,1,0
48,BK,PA,0,0,0,1,0,pre,6,20,3,4.25,14,19,1,0,0
48,BK,PA,0,0,0,1,0,post,7.5,25,5,4.38,14,25,2,1,0
50,KFC,PA,0,0,0,1,0,pre,6,10,3,4.5,12,14,1,0,0
50,KFC,PA,0,0,0,1,0,post,4,20,3,4.75,13,17,2,1,0
51,KFC,PA,0,0,0,1,0,pre,0,15,3,4.25,13,10.5,1,0,0
51,KFC,PA,0,0,0,1,0,post,6,15,3,4.25,13,16.5,2,1,0
57,Wendys,PA,0,0,0,1,0,pre,30,10,3,4.67,12,38,1,0,0
57,Wendys,PA,0,0,0,1,0,post,7,18,4,4.5,12,20,2,1,0
58,Wendys,PA,0,0,0,1,0,pre,8,25,3,4.75,12,23.5,1,0,0
58,Wendys,PA,0,0,0,1,0,post,0,28,4,4.5,12,18,2,1,0
59,Wendys,PA,0,0,0,1,0,pre,0,15,3,4.25,10.5,10.5,1,0,0
59,Wendys,PA,0,0,0,1,0,post,0,16,4,4.25,10.5,12,2,1,0
60,Wendys,PA,0,0,0,1,0,pre,10,20,5,4.25,11.5,25,1,0,0
60,Wendys,PA,0,0,0,1,0,post,10,20,5,4.25,12,25,2,1,0
407,KFC,PA,0,0,0,0,1,pre,2,12,3,4.75,10,11,1,0,0
407,KFC,PA,0,0,0,0,1,post,1,14,3,4.25,11,11,2,1,0
430,BK,PA,0,0,0,1,0,pre,20,25,4,4.25,15,36.5,1,0,0
430,BK,PA,0,0,0,1,0,post,0,48,3,4.25,16,27,2,1,0
432,BK,PA,0,0,0,1,0,pre,20,55,5,4.5,16,52.5,1,0,0
432,BK,PA,0,0,0,1,0,post,25,10,4,5.05,16,34,2,1,0
433,BK,PA,0,0,0,1,0,pre,10,30,4,4.25,16,29,1,0,0
433,BK,PA,0,0,0,1,0,post,0,42,4,NA,16,25,2,1,0
434,BK,PA,0,0,0,1,0,pre,15,50,5,4.25,16,45,1,0,0
434,BK,PA,0,0,0,1,0,post,19,29,4,4.25,16,37.5,2,1,0
435,BK,PA,0,0,0,1,0,pre,1,37.5,3,4.25,15.5,22.75,1,0,0
435,BK,PA,0,0,0,1,0,post,0,32,5,4.25,15.5,21,2,1,0
438,KFC,PA,0,0,0,1,0,pre,0,9,3,4.25,8,7.5,1,0,0
438,KFC,PA,0,0,0,1,0,post,2,9,3,4.25,9,9.5,2,1,0
440,Wendys,PA,0,0,0,1,0,pre,0,25,3,4.25,11.5,15.5,1,0,0
440,Wendys,PA,0,0,0,1,0,post,0,30,3,NA,11.5,18,2,1,0
441,Wendys,PA,0,0,0,1,0,pre,30,10,3,4.25,11.5,38,1,0,0
441,Wendys,PA,0,0,0,1,0,post,0,30,3,4.25,11.5,18,2,1,0
443,Wendys,PA,0,0,0,1,0,pre,4,19,4,4.25,11.5,17.5,1,0,0
443,Wendys,PA,0,0,0,1,0,post,5,20,4,4.35,11.5,19,2,1,0
444,Wendys,PA,0,0,0,1,0,pre,12,20,3,4.25,12.5,25,1,0,0
444,Wendys,PA,0,0,0,1,0,post,10,35,4,4.5,11.5,31.5,2,1,0
446,BK,PA,0,0,0,0,1,pre,NA,NA,3,4.5,18,NA,1,0,0
446,BK,PA,0,0,0,0,1,post,7,24,4,5,18,23,2,1,0
448,BK,PA,0,0,0,0,1,pre,8,18,4,4.75,18,21,1,0,0
448,BK,PA,0,0,0,0,1,post,8,27,3,4.5,18,24.5,2,1,0
449,BK,PA,0,0,0,0,1,pre,0,25,3,4.87,18,15.5,1,0,0
449,BK,PA,0,0,0,0,1,post,15,15,5,5,18,27.5,2,1,0
450,BK,PA,0,0,0,0,1,pre,2,21,3,4.75,16.5,15.5,1,0,0
450,BK,PA,0,0,0,0,1,post,27.5,8,3,4.75,18,34.5,2,1,0
454,KFC,PA,0,0,0,0,1,pre,1,9,3,4.5,10,8.5,1,0,0
454,KFC,PA,0,0,0,0,1,post,0,18,5,5,11,14,2,1,0
459,Roys,PA,0,0,0,0,1,pre,5,20,3,4.25,16,18,1,0,0
459,Roys,PA,0,0,0,0,1,post,0,20,5,4.35,15,15,2,1,0
466,Wendys,PA,0,0,0,0,1,pre,8,17.5,4,4.75,11.5,20.75,1,0,0
466,Wendys,PA,0,0,0,0,1,post,14,12,3,NA,11.5,23,2,1,0
471,BK,PA,0,0,0,0,1,pre,25,20,4,4.25,18,39,1,0,0
471,BK,PA,0,0,0,0,1,post,12,23,3,4.25,18,26.5,2,1,0
472,BK,PA,0,0,0,0,1,pre,37.5,2,3,4.25,16.5,41.5,1,0,0
472,BK,PA,0,0,0,0,1,post,8,25,3,4.9,17,23.5,2,1,0
473,BK,PA,0,0,0,0,1,pre,5,27,4,4.75,17,22.5,1,0,0
473,BK,PA,0,0,0,0,1,post,26,15,2,4.5,17,35.5,2,1,0
475,BK,PA,0,0,0,0,1,pre,25,8,3,4.5,15,32,1,0,0
475,BK,PA,0,0,0,0,1,post,10,16,3,4.5,15,21,2,1,0
476,BK,PA,0,0,0,1,0,pre,6,30,3,4.25,18,24,1,0,0
476,BK,PA,0,0,0,1,0,post,5,30,3,4.75,18,23,2,1,0
477,BK,PA,0,0,0,0,1,pre,8,28,4,4.25,16.5,26,1,0,0
477,BK,PA,0,0,0,0,1,post,6,20,4,6.25,17,20,2,1,0
478,BK,PA,0,0,0,1,0,pre,32,25,4,4.5,19,48.5,1,0,0
478,BK,PA,0,0,0,1,0,post,8,30,4,4.35,18,27,2,1,0
485,KFC,PA,0,0,0,0,1,pre,1,9,3,4.5,10,8.5,1,0,0
485,KFC,PA,0,0,0,0,1,post,4,12,3,4.5,11,13,2,1,0
491,Roys,PA,0,0,0,0,1,pre,4,25,2,4.5,13,18.5,1,0,0
491,Roys,PA,0,0,0,0,1,post,0,0,0,NA,NA,0,2,1,0
492,Roys,PA,0,0,0,0,1,pre,2,16,3,4.5,12.5,13,1,0,0
492,Roys,PA,0,0,0,0,1,post,4,15,2,4.5,12.5,13.5,2,1,0
497,Wendys,PA,0,0,0,0,1,pre,12,15,3,4.5,12,22.5,1,0,0
497,Wendys,PA,0,0,0,0,1,post,NA,NA,5,NA,12,NA,2,1,0
498,Wendys,PA,0,0,0,0,1,pre,20,10,3,4.75,12,28,1,0,0
498,Wendys,PA,0,0,0,0,1,post,21,5.5,3,5,12,26.75,2,1,0
501,BK,PA,0,0,0,0,1,pre,14,15,3,4.25,16.5,24.5,1,0,0
501,BK,PA,0,0,0,0,1,post,30,15,6,4.75,18,43.5,2,1,0
503,BK,PA,0,0,0,0,1,pre,7.5,14,4,4.75,16.5,18.5,1,0,0
503,BK,PA,0,0,0,0,1,post,35,6.5,3,4.5,18,41.25,2,1,0
510,Roys,PA,0,0,0,0,1,pre,7,25,4,4.25,16,23.5,1,0,0
510,Roys,PA,0,0,0,0,1,post,2.5,17.5,3,NA,15,14.25,2,1,0
511,Roys,PA,0,0,0,0,1,pre,4,16,3,4.75,16.5,15,1,0,0
511,Roys,PA,0,0,0,0,1,post,3,13,3,4.75,15,12.5,2,1,0
514,Roys,PA,0,0,0,0,1,pre,5,20,3,4.5,16,18,1,0,0
514,Roys,PA,0,0,0,0,1,post,23,16,3,4.25,16,34,2,1,0
516,Roys,PA,0,0,0,0,1,pre,6,22.5,3,4.75,16,20.25,1,0,0
516,Roys,PA,0,0,0,0,1,post,2,12,2,4.91,14,10,2,1,0
521,BK,PA,0,0,0,1,0,pre,2.5,20,3,4.25,16.5,15.5,1,0,0
521,BK,PA,0,0,0,1,0,post,0,12,8,4.4,16,14,2,1,0
522,BK,PA,0,0,0,1,0,pre,2,30,4,4.35,16,21,1,0,0
522,BK,PA,0,0,0,1,0,post,3,23,3,4.25,16,17.5,2,1,0
113,BK,NJ,0,1,0,0,0,pre,0,22,4,NA,16,15,1,0,1
113,BK,NJ,0,1,0,0,0,post,2,40,5,5.05,16,27,2,1,1
123,BK,NJ,0,1,0,0,0,pre,0,20,5,NA,14.5,15,1,0,1
123,BK,NJ,0,1,0,0,0,post,5,25,4,5.05,14,21.5,2,1,1
135,Roys,NJ,0,1,0,0,0,pre,10,20,4,NA,12.5,24,1,0,1
135,Roys,NJ,0,1,0,0,0,post,8,24,3,5.05,11.5,23,2,1,1
138,Roys,NJ,0,0,0,0,0,pre,4.5,25.5,2,NA,11.5,19.25,1,0,1
138,Roys,NJ,0,0,0,0,0,post,2,33,3,5.05,11.5,21.5,2,1,1
153,BK,NJ,0,0,0,0,0,pre,0,25,9,NA,17,21.5,1,0,1
153,BK,NJ,0,0,0,0,0,post,26.5,10,3,5.05,17,34.5,2,1,1
181,KFC,NJ,0,0,0,0,0,pre,0,13,3,NA,11,9.5,1,0,1
181,KFC,NJ,0,0,0,0,0,post,1,15,2,5.05,11,10.5,2,1,1
191,Wendys,NJ,0,0,0,0,0,pre,30,20,4,NA,12,44,1,0,1
191,Wendys,NJ,0,0,0,0,0,post,0,25,4,5.05,12,16.5,2,1,1
231,BK,NJ,0,0,0,0,0,pre,NA,10,3,NA,16,NA,1,0,1
231,BK,NJ,0,0,0,0,0,post,16,6,4,5.05,16,23,2,1,1
236,BK,NJ,0,0,0,0,0,pre,0,34,4,NA,17,21,1,0,1
236,BK,NJ,0,0,0,0,0,post,23,22,4,5.05,18,38,2,1,1
254,Wendys,NJ,1,0,1,0,0,pre,20,10,3,NA,16,28,1,0,1
254,Wendys,NJ,1,0,1,0,0,post,28,10,3,5.25,15,36,2,1,1
255,Wendys,NJ,1,0,0,0,0,pre,0,14,3,NA,14,10,1,0,1
255,Wendys,NJ,1,0,0,0,0,post,8,12,2,NA,14,16,2,1,1
294,BK,NJ,0,0,0,0,0,pre,0,35,3,NA,16,20.5,1,0,1
294,BK,NJ,0,0,0,0,0,post,0,35,3,5.05,16,20.5,2,1,1
306,Roys,NJ,0,0,0,0,0,pre,15,15,3,NA,17,25.5,1,0,1
306,Roys,NJ,0,0,0,0,0,post,6,20,3,5.05,18,19,2,1,1
311,Wendys,NJ,0,0,0,0,0,pre,0,30,4,NA,11.5,19,1,0,1
311,Wendys,NJ,0,0,0,0,0,post,35,30,3,5.05,11.5,53,2,1,1
315,BK,NJ,1,0,0,0,0,pre,5,19,2,NA,16,16.5,1,0,1
315,BK,NJ,1,0,0,0,0,post,4.5,20,2,5.05,16,16.5,2,1,1
335,BK,NJ,1,0,0,0,0,pre,9,10,3,NA,17,17,1,0,1
335,BK,NJ,1,0,0,0,0,post,7,13,3,5.05,17,16.5,2,1,1
372,BK,NJ,0,0,0,0,0,pre,0,45,5,NA,19,27.5,1,0,1
372,BK,NJ,0,0,0,0,0,post,30,20,5,5.05,18.5,45,2,1,1
6,Roys,NJ,0,1,0,0,0,pre,2,2,2,5,7,5,1,0,1
6,Roys,NJ,0,1,0,0,0,post,5,2,2,5.05,8,8,2,1,1
14,KFC,NJ,0,1,0,0,0,pre,10,8,2,5.12,11,16,1,0,1
14,KFC,NJ,0,1,0,0,0,post,4,17,3,5.05,11,15.5,2,1,1
26,BK,NJ,0,0,0,0,0,pre,30,15,4,5.56,16,41.5,1,0,1
26,BK,NJ,0,0,0,0,0,post,10,20,4,5.05,16,24,2,1,1
27,KFC,NJ,0,1,0,0,0,pre,4,10,4,5,10,13,1,0,1
27,KFC,NJ,0,1,0,0,0,post,0,7,4,5.05,10,7.5,2,1,1
30,KFC,NJ,0,0,0,0,0,pre,6,4,2,5,10,10,1,0,1
30,KFC,NJ,0,0,0,0,0,post,4,3,2,5.05,10,7.5,2,1,1
31,KFC,NJ,0,1,0,0,0,pre,4,16,3,5.25,11,15,1,0,1
31,KFC,NJ,0,1,0,0,0,post,6,15,5,5.05,12.5,18.5,2,1,1
33,Roys,NJ,0,0,0,0,0,pre,12,20,4,5,17,26,1,0,1
33,Roys,NJ,0,0,0,0,0,post,6,11,5,5.05,17,16.5,2,1,1
36,Wendys,NJ,0,1,0,0,0,pre,8,12,4,5.5,13,18,1,0,1
36,Wendys,NJ,0,1,0,0,0,post,10,35,6,5.05,12.5,33.5,2,1,1
77,Roys,NJ,0,0,0,0,0,pre,6,50,4,5,19,35,1,0,1
77,Roys,NJ,0,0,0,0,0,post,4,60,3,5.05,19,37,2,1,1
78,Roys,NJ,0,0,0,0,0,pre,13,10,3,5,17,21,1,0,1
78,Roys,NJ,0,0,0,0,0,post,10,12,2,5.05,16,18,2,1,1
81,Wendys,NJ,0,0,0,0,0,pre,25,13,3,5,12,34.5,1,0,1
81,Wendys,NJ,0,0,0,0,0,post,0,45,4,5.05,11.5,26.5,2,1,1
82,Wendys,NJ,0,0,0,0,0,pre,8,14.5,3,5,13.5,18.25,1,0,1
82,Wendys,NJ,0,0,0,0,0,post,25,8,4,5.05,13.5,33,2,1,1
83,Wendys,NJ,0,0,0,0,0,pre,12.5,20,2,5,13.5,24.5,1,0,1
83,Wendys,NJ,0,0,0,0,0,post,NA,NA,4,5.05,14,NA,2,1,1
85,BK,NJ,0,1,1,0,0,pre,7,20,3,5.5,12.5,20,1,0,1
85,BK,NJ,0,1,1,0,0,post,0,35,3,5.05,12.5,20.5,2,1,1
89,BK,NJ,0,1,0,0,0,pre,10,6,3,5,16,16,1,0,1
89,BK,NJ,0,1,0,0,0,post,6,25,6,5.5,16,24.5,2,1,1
94,KFC,NJ,0,1,0,0,0,pre,0,25,5,5,10,17.5,1,0,1
94,KFC,NJ,0,1,0,0,0,post,2,20,4,5.05,10,16,2,1,1
103,Wendys,NJ,0,0,0,0,0,pre,12.5,10,3,5,11.5,20.5,1,0,1
103,Wendys,NJ,0,0,0,0,0,post,NA,NA,2,5.05,12.5,NA,2,1,1
112,Wendys,NJ,0,0,0,0,0,pre,4,26,3,5,14,20,1,0,1
112,Wendys,NJ,0,0,0,0,0,post,5,25,6,5.05,12.5,23.5,2,1,1
128,KFC,NJ,0,1,0,0,0,pre,6.5,7.5,2,5,11,12.25,1,0,1
128,KFC,NJ,0,1,0,0,0,post,3,16,2,5.05,11,13,2,1,1
129,Roys,NJ,0,1,0,0,0,pre,20,20,3,5.25,16,33,1,0,1
129,Roys,NJ,0,1,0,0,0,post,7,18,4,5.05,16,20,2,1,1
131,Roys,NJ,0,1,0,0,0,pre,15,25,4,5.5,17,31.5,1,0,1
131,Roys,NJ,0,1,0,0,0,post,8,22,3,5.05,15,22,2,1,1
139,Wendys,NJ,0,1,0,0,0,pre,NA,NA,2,5.5,12.5,NA,1,0,1
139,Wendys,NJ,0,1,0,0,0,post,11,25,5,5.5,12,28.5,2,1,1
143,Wendys,NJ,0,1,0,0,0,pre,0,30,3,5.37,11.5,18,1,0,1
143,Wendys,NJ,0,1,0,0,0,post,NA,NA,NA,NA,NA,NA,2,1,1
144,Wendys,NJ,0,1,0,0,0,pre,10,30,3,5.05,12.5,28,1,0,1
144,Wendys,NJ,0,1,0,0,0,post,4,37,3,5.05,12.5,25.5,2,1,1
145,BK,NJ,0,0,0,0,0,pre,5,17,3,5,16,16.5,1,0,1
145,BK,NJ,0,0,0,0,0,post,10,8,4,5.28,16,18,2,1,1
147,BK,NJ,0,0,0,0,0,pre,8.5,6.5,3,5.12,14,14.75,1,0,1
147,BK,NJ,0,0,0,0,0,post,6,0,3,5.25,14,9,2,1,1
148,BK,NJ,0,0,0,0,0,pre,4.5,30,4,5.25,17,23.5,1,0,1
148,BK,NJ,0,0,0,0,0,post,7.5,30,4,5.05,17,26.5,2,1,1
151,BK,NJ,0,0,0,0,0,pre,1,12,3,5,15,10,1,0,1
151,BK,NJ,0,0,0,0,0,post,0,0,0,NA,NA,0,2,1,1
152,BK,NJ,0,0,0,0,0,pre,35,15,4,5.12,15,46.5,1,0,1
152,BK,NJ,0,0,0,0,0,post,12,13.5,5,5.05,15,23.75,2,1,1
157,KFC,NJ,0,0,0,0,0,pre,10,5,3,5,12,15.5,1,0,1
157,KFC,NJ,0,0,0,0,0,post,12,8,2,5.5,11,18,2,1,1
161,Roys,NJ,0,0,0,0,0,pre,8,25,4,5,17,24.5,1,0,1
161,Roys,NJ,0,0,0,0,0,post,26,12,4,5.05,17,36,2,1,1
163,Roys,NJ,0,0,0,0,0,pre,12,18,3,5,16.5,24,1,0,1
163,Roys,NJ,0,0,0,0,0,post,1.5,33,3,5.05,15,21,2,1,1
164,Roys,NJ,0,0,0,0,0,pre,4,30,4,5,19,23,1,0,1
164,Roys,NJ,0,0,0,0,0,post,5,15,3,5.05,17,15.5,2,1,1
165,Wendys,NJ,0,0,0,0,0,pre,20,10,3,5,12.5,28,1,0,1
165,Wendys,NJ,0,0,0,0,0,post,10,17,4,5.05,12.5,22.5,2,1,1
169,BK,NJ,0,0,0,0,0,pre,12,33,4,5,16,32.5,1,0,1
169,BK,NJ,0,0,0,0,0,post,20,6,4,5.05,16,27,2,1,1
170,BK,NJ,0,0,0,0,0,pre,10,20,3,5,16,23,1,0,1
170,BK,NJ,0,0,0,0,0,post,20,20,4,5.05,16,34,2,1,1
187,Roys,NJ,0,0,1,0,0,pre,4,20,3,5.62,15,17,1,0,1
187,Roys,NJ,0,0,1,0,0,post,5,17.5,3,5.05,15,16.75,2,1,1
190,Roys,NJ,0,0,0,0,0,pre,5,42,4,5,16,30,1,0,1
190,Roys,NJ,0,0,0,0,0,post,7,30,4,5.05,15,26,2,1,1
196,Wendys,NJ,0,0,0,0,0,pre,8,19,4,5,11.5,21.5,1,0,1
196,Wendys,NJ,0,0,0,0,0,post,0,30,3,5.05,12.5,18,2,1,1
197,BK,NJ,0,0,0,0,0,pre,23,10,4,5,17,32,1,0,1
197,BK,NJ,0,0,0,0,0,post,5,21,5,5.05,17,20.5,2,1,1
234,BK,NJ,0,0,0,0,0,pre,0,10,3,5,16,8,1,0,1
234,BK,NJ,0,0,0,0,0,post,10,4,3,5.05,16,15,2,1,1
240,Roys,NJ,0,0,0,0,0,pre,15,35,3,5.1,17,35.5,1,0,1
240,Roys,NJ,0,0,0,0,0,post,15,15,3,5.05,17,25.5,2,1,1
241,Roys,NJ,0,0,0,0,0,pre,15,25,4,5,16,31.5,1,0,1
241,Roys,NJ,0,0,0,0,0,post,15,NA,4,5.05,16,NA,2,1,1
242,Roys,NJ,0,0,0,0,0,pre,25,10,3,5.25,17,33,1,0,1
242,Roys,NJ,0,0,0,0,0,post,12,10,3,5.05,16,20,2,1,1
245,Roys,NJ,0,0,0,0,0,pre,15,8,3,5.5,13.5,22,1,0,1
245,Roys,NJ,0,0,0,0,0,post,8,12,4,5.05,13,18,2,1,1
259,BK,NJ,1,0,0,0,0,pre,13,12,4,5,14.5,23,1,0,1
259,BK,NJ,1,0,0,0,0,post,15,15,4,5.05,14.5,26.5,2,1,1
268,BK,NJ,1,0,0,0,0,pre,10,18,4,5,15,23,1,0,1
268,BK,NJ,1,0,0,0,0,post,0,42.5,2,5.05,15,23.25,2,1,1
271,KFC,NJ,1,0,0,0,0,pre,0,13,2,5,11,8.5,1,0,1
271,KFC,NJ,1,0,0,0,0,post,0,15,3,5.05,12,10.5,2,1,1
272,KFC,NJ,1,0,0,0,0,pre,4,11,3,5.05,11,12.5,1,0,1
272,KFC,NJ,1,0,0,0,0,post,2,14,3,5.25,12,12,2,1,1
274,KFC,NJ,1,0,0,0,0,pre,0,15,2,5.5,10,9.5,1,0,1
274,KFC,NJ,1,0,0,0,0,post,3,7,3,5.05,11,9.5,2,1,1
276,KFC,NJ,1,0,0,0,0,pre,5,10,3,5,10.5,13,1,0,1
276,KFC,NJ,1,0,0,0,0,post,5,15,3,5.05,12,15.5,2,1,1
296,BK,NJ,0,0,0,0,0,pre,5,16,4,5.3,16,17,1,0,1
296,BK,NJ,0,0,0,0,0,post,4,9,6,5.05,16,14.5,2,1,1
299,KFC,NJ,0,0,0,0,0,pre,3,8,2,5,11.5,9,1,0,1
299,KFC,NJ,0,0,0,0,0,post,6,12,2,5.05,11.5,14,2,1,1
301,KFC,NJ,0,0,0,0,0,pre,8,12,5,5,10.5,19,1,0,1
301,KFC,NJ,0,0,0,0,0,post,2,7,1,5.05,10.5,6.5,2,1,1
320,KFC,NJ,1,0,1,0,0,pre,5,9,2,5,12,11.5,1,0,1
320,KFC,NJ,1,0,1,0,0,post,4,6,3,5.05,11,10,2,1,1
321,KFC,NJ,1,0,1,0,0,pre,3,14,3,5,12.5,13,1,0,1
321,KFC,NJ,1,0,1,0,0,post,4,11,2,5.05,12,11.5,2,1,1
324,Roys,NJ,1,0,0,0,0,pre,20,46,5,5.25,24,48,1,0,1
324,Roys,NJ,1,0,0,0,0,post,22,39,5,5.05,24,46.5,2,1,1
326,Roys,NJ,1,0,1,0,0,pre,18,45,5,5.15,24,45.5,1,0,1
326,Roys,NJ,1,0,1,0,0,post,0,45,4,5.05,24,26.5,2,1,1
330,Wendys,NJ,1,0,1,0,0,pre,4,16,3,5.42,15.5,15,1,0,1
330,Wendys,NJ,1,0,1,0,0,post,3,20,3,5.67,14.5,16,2,1,1
334,BK,NJ,1,0,0,0,0,pre,10,10,3,5,12.5,18,1,0,1
334,BK,NJ,1,0,0,0,0,post,0,20,3,5.05,12.5,13,2,1,1
349,Roys,NJ,1,0,0,0,0,pre,2.5,27,5,5,16,21,1,0,1
349,Roys,NJ,1,0,0,0,0,post,0,20,4,5.05,15,14,2,1,1
354,Wendys,NJ,1,0,0,0,0,pre,14,7,3,5.06,10.5,20.5,1,0,1
354,Wendys,NJ,1,0,0,0,0,post,9,7,3,5.05,10.5,15.5,2,1,1
356,Wendys,NJ,1,0,0,0,0,pre,11.5,10,4,5.05,11.5,20.5,1,0,1
356,Wendys,NJ,1,0,0,0,0,post,0,28,4,5.05,11.5,18,2,1,1
357,Wendys,NJ,0,0,0,0,0,pre,4.5,20,3,5,11.5,17.5,1,0,1
357,Wendys,NJ,0,0,0,0,0,post,21,6,3,5.25,12.5,27,2,1,1
371,BK,NJ,0,0,0,0,0,pre,12,23,4,5,16,27.5,1,0,1
371,BK,NJ,0,0,0,0,0,post,11,22,5,5.25,16,27,2,1,1
373,BK,NJ,0,0,0,0,0,pre,14,12,4,5,15.5,24,1,0,1
373,BK,NJ,0,0,0,0,0,post,18,15,4,5.05,15.5,29.5,2,1,1
375,BK,NJ,0,0,0,0,0,pre,25,10,4,5.25,15,34,1,0,1
375,BK,NJ,0,0,0,0,0,post,0,25,4,5.5,15,16.5,2,1,1
378,BK,NJ,0,0,0,0,0,pre,10,8,4,5,18.5,18,1,0,1
378,BK,NJ,0,0,0,0,0,post,20,15,4,5.05,19,31.5,2,1,1
381,BK,NJ,0,0,0,0,0,pre,10,20,4,5,16.5,24,1,0,1
381,BK,NJ,0,0,0,0,0,post,15,15,5,5.05,16.5,27.5,2,1,1
403,Roys,NJ,0,0,0,0,0,pre,13,31,NA,5.05,18,NA,1,0,1
403,Roys,NJ,0,0,0,0,0,post,11,23,3,5.05,16,25.5,2,1,1
406,Wendys,NJ,0,0,0,0,0,pre,12,35,4,5,11.5,33.5,1,0,1
406,Wendys,NJ,0,0,0,0,0,post,17,22,4,5.5,12.5,32,2,1,1
407,Wendys,NJ,0,0,0,0,0,pre,5,10,2,5.75,10.5,12,1,0,1
407,Wendys,NJ,0,0,0,0,0,post,8,7,3,5.5,10.5,14.5,2,1,1
409,BK,NJ,0,0,0,0,0,pre,3,60,2,5,15,35,1,0,1
409,BK,NJ,0,0,0,0,0,post,0,15,3,5.05,15,10.5,2,1,1
1,BK,NJ,0,1,0,0,0,pre,16,30,4,4.5,16,35,1,0,1
1,BK,NJ,0,1,0,0,0,post,20,40,4,5.05,16,44,2,1,1
2,BK,NJ,0,1,0,0,0,pre,10,6,3,4.75,14,16,1,0,1
2,BK,NJ,0,1,0,0,0,post,7.5,10,3,5.25,15,15.5,2,1,1
3,KFC,NJ,0,1,0,0,0,pre,6,13,3,4.25,10,15.5,1,0,1
3,KFC,NJ,0,1,0,0,0,post,4,7,3,5.05,11,10.5,2,1,1
4,Roys,NJ,0,1,0,0,0,pre,10,12,3,4.75,12.5,19,1,0,1
4,Roys,NJ,0,1,0,0,0,post,5,30,4,5.05,13.5,24,2,1,1
5,Roys,NJ,0,1,0,0,0,pre,5,30,4,4.5,17,24,1,0,1
5,Roys,NJ,0,1,0,0,0,post,10,30,4,5.15,17,29,2,1,1
8,Wendys,NJ,0,1,0,0,0,pre,NA,25,4,4.8,12,NA,1,0,1
8,Wendys,NJ,0,1,0,0,0,post,15,25,3,5.05,13,30.5,2,1,1
9,BK,NJ,0,1,0,0,0,pre,12,40,4,4.37,16,36,1,0,1
9,BK,NJ,0,1,0,0,0,post,0,32,4,5.05,16,20,2,1,1
10,BK,NJ,0,1,0,0,0,pre,15,20,4,4.25,16,29,1,0,1
10,BK,NJ,0,1,0,0,0,post,15,15,4,5.05,16,26.5,2,1,1
11,BK,NJ,0,1,0,0,0,pre,10,30,4,4.25,16,29,1,0,1
11,BK,NJ,0,1,0,0,0,post,12,24,3,5.05,16,27,2,1,1
12,BK,NJ,0,1,0,0,0,pre,6.5,23.5,3,4.37,16,21.25,1,0,1
12,BK,NJ,0,1,0,0,0,post,15,15,4,5.05,16,26.5,2,1,1
13,KFC,NJ,0,1,0,0,0,pre,0,25,3,4.5,10,15.5,1,0,1
13,KFC,NJ,0,1,0,0,0,post,2,11,3,5,11,10.5,2,1,1
15,Roys,NJ,0,1,0,0,0,pre,3,25,4,4.6,17,19.5,1,0,1
15,Roys,NJ,0,1,0,0,0,post,5,20,3,5.05,17,18,2,1,1
16,Roys,NJ,0,1,0,0,0,pre,6,22,4,4.5,17,21,1,0,1
16,Roys,NJ,0,1,0,0,0,post,7,17,3,5.05,17,18.5,2,1,1
17,Roys,NJ,0,1,0,0,0,pre,0,20,4,4.37,17,14,1,0,1
17,Roys,NJ,0,1,0,0,0,post,4,35,4,5.05,17,25.5,2,1,1
18,Roys,NJ,0,1,0,0,0,pre,15,25,3,4.25,17,30.5,1,0,1
18,Roys,NJ,0,1,0,0,0,post,8,38,5,5.05,17,32,2,1,1
19,BK,NJ,1,0,0,0,0,pre,4,31,4,4.25,16,23.5,1,0,1
19,BK,NJ,1,0,0,0,0,post,6,44,5,5.05,16,33,2,1,1
21,KFC,NJ,1,0,0,0,0,pre,5,12,3,4.45,10.5,14,1,0,1
21,KFC,NJ,1,0,0,0,0,post,0,11,2,5.05,10,7.5,2,1,1
22,Roys,NJ,1,0,0,0,0,pre,3,15,4,4.35,16,14.5,1,0,1
22,Roys,NJ,1,0,0,0,0,post,3,15,2,5.05,15,12.5,2,1,1
23,BK,NJ,0,0,0,0,0,pre,0,25,3,4.5,16,15.5,1,0,1
23,BK,NJ,0,0,0,0,0,post,14,14,3,5.05,16.5,24,2,1,1
24,BK,NJ,0,1,0,0,0,pre,15,15,4,4.75,16,26.5,1,0,1
24,BK,NJ,0,1,0,0,0,post,15,20,4,5.05,NA,29,2,1,1
28,KFC,NJ,0,0,0,0,0,pre,0,14,1,4.5,10,8,1,0,1
28,KFC,NJ,0,0,0,0,0,post,6,2,3,NA,10,10,2,1,1
29,KFC,NJ,0,0,0,0,0,pre,0,7,2,4.5,11,5.5,1,0,1
29,KFC,NJ,0,0,0,0,0,post,0,13,3,5.05,11,9.5,2,1,1
32,Roys,NJ,0,0,0,0,0,pre,10,20.5,3,4.5,11.5,23.25,1,0,1
32,Roys,NJ,0,0,0,0,0,post,2,25,3,5.05,11.5,17.5,2,1,1
34,Roys,NJ,0,0,0,0,0,pre,5,15,3,4.95,11.5,15.5,1,0,1
34,Roys,NJ,0,0,0,0,0,post,11,7,3,5.05,11.5,17.5,2,1,1
35,Wendys,NJ,0,0,0,0,0,pre,25,6.5,4,4.5,11.5,32.25,1,0,1
35,Wendys,NJ,0,0,0,0,0,post,13,18,3,5.05,11.5,25,2,1,1
38,BK,NJ,0,1,0,0,0,pre,15,20,5,4.25,17,30,1,0,1
38,BK,NJ,0,1,0,0,0,post,10,20,6,5.05,17.5,26,2,1,1
63,BK,NJ,0,0,0,0,0,pre,26,6,NA,4.25,18,NA,1,0,1
63,BK,NJ,0,0,0,0,0,post,15,10,4,5.05,18,24,2,1,1
64,BK,NJ,0,0,0,0,0,pre,20,15,3,4.5,16,30.5,1,0,1
64,BK,NJ,0,0,0,0,0,post,13,13,3,5.05,16,22.5,2,1,1
65,BK,NJ,0,0,0,0,0,pre,0,20,4,4.8,15.5,14,1,0,1
65,BK,NJ,0,0,0,0,0,post,NA,NA,3,5.05,NA,NA,2,1,1
66,BK,NJ,0,0,0,0,0,pre,15,18,3,4.25,17,27,1,0,1
66,BK,NJ,0,0,0,0,0,post,26,10,4,5.05,17,35,2,1,1
67,BK,NJ,0,0,0,0,0,pre,5,15,6,4.5,13.5,18.5,1,0,1
67,BK,NJ,0,0,0,0,0,post,4,17.5,5,5.05,13.5,17.75,2,1,1
68,BK,NJ,0,0,0,0,0,pre,30,10,3,4.25,17,38,1,0,1
68,BK,NJ,0,0,0,0,0,post,13,17,3,5.05,17,24.5,2,1,1
69,BK,NJ,0,0,0,0,0,pre,0,27,3,4.25,18,16.5,1,0,1
69,BK,NJ,0,0,0,0,0,post,0,27,3,5.05,18,16.5,2,1,1
70,BK,NJ,0,0,0,0,0,pre,35,20,5,4.5,16,50,1,0,1
70,BK,NJ,0,0,0,0,0,post,10,30,5,5.05,16,30,2,1,1
71,BK,NJ,0,0,0,0,0,pre,0,35,3,4.75,17,20.5,1,0,1
71,BK,NJ,0,0,0,0,0,post,29,14,3,5.05,17,39,2,1,1
73,KFC,NJ,0,0,0,0,0,pre,0,7,3,4.25,12,6.5,1,0,1
73,KFC,NJ,0,0,0,0,0,post,14,0,3,5.05,11,17,2,1,1
75,KFC,NJ,0,0,0,0,0,pre,3,15,3,4.25,11,13.5,1,0,1
75,KFC,NJ,0,0,0,0,0,post,4,11,3,5.05,11,12.5,2,1,1
76,Roys,NJ,0,0,0,0,0,pre,8,32,4,4.25,17,28,1,0,1
76,Roys,NJ,0,0,0,0,0,post,25,15,6,5.05,16.5,38.5,2,1,1
79,Roys,NJ,0,0,0,0,0,pre,6,25,3,4.5,17,21.5,1,0,1
79,Roys,NJ,0,0,0,0,0,post,8,18,3,5.05,16,20,2,1,1
80,Wendys,NJ,0,0,0,0,0,pre,4.5,20,NA,4.25,11.5,NA,1,0,1
80,Wendys,NJ,0,0,0,0,0,post,11,14,3,5.05,12.5,21,2,1,1
84,BK,NJ,0,1,0,0,0,pre,4,30,5,4.5,16,24,1,0,1
84,BK,NJ,0,1,0,0,0,post,12,30,5,5.05,16,32,2,1,1
86,BK,NJ,0,1,0,0,0,pre,11,11,4,4.25,15,20.5,1,0,1
86,BK,NJ,0,1,0,0,0,post,9,12,4,5.05,15,19,2,1,1
87,BK,NJ,0,1,1,0,0,pre,0,15,NA,4.5,15,NA,1,0,1
87,BK,NJ,0,1,1,0,0,post,0,30,5,5.05,15,20,2,1,1
88,BK,NJ,1,0,0,0,0,pre,3,35,3,4.25,15,23.5,1,0,1
88,BK,NJ,1,0,0,0,0,post,4,37,4,5.05,15,26.5,2,1,1
91,BK,NJ,0,1,1,0,0,pre,8,22,4,4.25,17,23,1,0,1
91,BK,NJ,0,1,1,0,0,post,0,30,4,5.05,17,19,2,1,1
92,BK,NJ,0,1,1,0,0,pre,4,18,4,4.25,15,17,1,0,1
92,BK,NJ,0,1,1,0,0,post,14,6,3,5.05,15,20,2,1,1
93,BK,NJ,0,0,0,0,0,pre,2.5,30,3,4.25,16,20.5,1,0,1
93,BK,NJ,0,0,0,0,0,post,5,25,5,5.05,16,22.5,2,1,1
95,KFC,NJ,0,1,0,0,0,pre,18,3,4,4.25,10,23.5,1,0,1
95,KFC,NJ,0,1,0,0,0,post,0,14,3,5.05,10,10,2,1,1
96,KFC,NJ,0,0,0,0,0,pre,0,15,2,4.25,10,9.5,1,0,1
96,KFC,NJ,0,0,0,0,0,post,0,15,5,5.05,10.5,12.5,2,1,1
97,KFC,NJ,0,1,0,0,0,pre,0,12,4,4.25,10,10,1,0,1
97,KFC,NJ,0,1,0,0,0,post,2.5,11,3,5.05,10,11,2,1,1
98,KFC,NJ,0,1,1,0,0,pre,0,20,4,4.25,10,14,1,0,1
98,KFC,NJ,0,1,1,0,0,post,3,13,3,5.05,10,12.5,2,1,1
99,Roys,NJ,0,1,1,0,0,pre,60,40,5,4.75,24,85,1,0,1
99,Roys,NJ,0,1,1,0,0,post,30,50,4,5.05,24,59,2,1,1
101,Roys,NJ,0,1,1,0,0,pre,4.5,15,3,4.75,15,15,1,0,1
101,Roys,NJ,0,1,1,0,0,post,10,12,3,5.05,15,19,2,1,1
102,Roys,NJ,1,0,0,0,0,pre,12,13,3,4.4,16,21.5,1,0,1
102,Roys,NJ,1,0,0,0,0,post,0,27,2,5.05,15,15.5,2,1,1
104,Wendys,NJ,0,1,1,0,0,pre,40,20,3,4.62,11.5,53,1,0,1
104,Wendys,NJ,0,1,1,0,0,post,11,10,3,5.05,12.5,19,2,1,1
105,BK,NJ,0,0,0,0,0,pre,0,40,4,4.25,16.5,24,1,0,1
105,BK,NJ,0,0,0,0,0,post,0,45,4,5.05,16.5,26.5,2,1,1
106,BK,NJ,0,0,0,0,0,pre,0,35,3,4.25,16,20.5,1,0,1
106,BK,NJ,0,0,0,0,0,post,2,25,3,5.05,16,17.5,2,1,1
107,BK,NJ,0,0,0,0,0,pre,6,11,3,4.25,14.5,14.5,1,0,1
107,BK,NJ,0,0,0,0,0,post,13.5,10,2,5.05,14,20.5,2,1,1
108,BK,NJ,0,0,0,0,0,pre,13.5,15,4,4.25,17,25,1,0,1
108,BK,NJ,0,0,0,0,0,post,11,24,5,5.05,17,28,2,1,1
111,Roys,NJ,0,0,0,0,0,pre,17,14,3,4.25,16,27,1,0,1
111,Roys,NJ,0,0,0,0,0,post,20,14.5,3,5.05,16,30.25,2,1,1
114,BK,NJ,0,1,0,0,0,pre,0,35,5,4.75,16,22.5,1,0,1
114,BK,NJ,0,1,0,0,0,post,20,40,4,5.25,16.5,44,2,1,1
115,BK,NJ,0,1,0,0,0,pre,20,25,4,4.75,17,36.5,1,0,1
115,BK,NJ,0,1,0,0,0,post,6,15,4,5.05,17,17.5,2,1,1
116,BK,NJ,0,1,0,0,0,pre,4,22.5,2,4.25,13,17.25,1,0,1
116,BK,NJ,0,1,0,0,0,post,22,12,3,5.05,13,31,2,1,1
118,BK,NJ,0,0,0,0,0,pre,10,15,4,4.25,15,21.5,1,0,1
118,BK,NJ,0,0,0,0,0,post,18,20,3,5.05,15,31,2,1,1
119,BK,NJ,0,0,0,0,0,pre,12,19,3,4.75,16.5,24.5,1,0,1
119,BK,NJ,0,0,0,0,0,post,18,13,4,5.05,17.5,28.5,2,1,1
120,BK,NJ,0,1,0,0,0,pre,0,32,3,4.5,16,19,1,0,1
120,BK,NJ,0,1,0,0,0,post,0,30,4,5.05,16,19,2,1,1
122,BK,NJ,0,0,0,0,0,pre,1,38,5,4.25,12.5,25,1,0,1
122,BK,NJ,0,0,0,0,0,post,10,50,6,5.05,12.5,41,2,1,1
124,BK,NJ,0,1,0,0,0,pre,8,10,3,4.25,15,16,1,0,1
124,BK,NJ,0,1,0,0,0,post,21,6,4,5.05,15,28,2,1,1
125,KFC,NJ,0,1,0,0,0,pre,15,0,4,4.5,12.5,19,1,0,1
125,KFC,NJ,0,1,0,0,0,post,0,15,2,5.05,12,9.5,2,1,1
130,Roys,NJ,0,1,0,0,0,pre,7,25.5,3,4.5,18,22.75,1,0,1
130,Roys,NJ,0,1,0,0,0,post,2,38,4,5.05,16,25,2,1,1
132,Roys,NJ,0,1,0,0,0,pre,20,20,5,4.5,24,35,1,0,1
132,Roys,NJ,0,1,0,0,0,post,15,20,3,5.5,14,28,2,1,1
133,Roys,NJ,0,1,0,0,0,pre,6,16,2,4.75,17,16,1,0,1
133,Roys,NJ,0,1,0,0,0,post,3,20,3,5.05,15,16,2,1,1
134,Roys,NJ,0,1,0,0,0,pre,5.5,25,3,4.62,16,21,1,0,1
134,Roys,NJ,0,1,0,0,0,post,6,27.5,3,5.05,16,22.75,2,1,1
136,Roys,NJ,0,1,0,0,0,pre,14.5,14.5,5,4.25,17,26.75,1,0,1
136,Roys,NJ,0,1,0,0,0,post,NA,NA,NA,NA,16,NA,2,1,1
137,Roys,NJ,0,0,0,0,0,pre,15,25,3,4.25,16,30.5,1,0,1
137,Roys,NJ,0,0,0,0,0,post,12,30,5,5.05,15,32,2,1,1
140,Wendys,NJ,0,1,0,0,0,pre,0,40,3,4.5,11.5,23,1,0,1
140,Wendys,NJ,0,1,0,0,0,post,5,35,5,5.67,11.5,27.5,2,1,1
141,Wendys,NJ,0,1,0,0,0,pre,10,15,4,4.75,12.5,21.5,1,0,1
141,Wendys,NJ,0,1,0,0,0,post,10,25,3,5.05,12.5,25.5,2,1,1
142,Wendys,NJ,0,0,0,0,0,pre,15,35,4,4.25,11.5,36.5,1,0,1
142,Wendys,NJ,0,0,0,0,0,post,40,31,5,5.05,11.5,60.5,2,1,1
146,BK,NJ,0,0,0,0,0,pre,8,20,5,4.8,16,23,1,0,1
146,BK,NJ,0,0,0,0,0,post,0,32,4.5,5.05,16,20.5,2,1,1
149,BK,NJ,0,0,0,0,0,pre,0,20,4,4.5,16,14,1,0,1
149,BK,NJ,0,0,0,0,0,post,8,10,3,5.05,16,16,2,1,1
150,BK,NJ,0,0,0,0,0,pre,0,27.5,3.5,4.67,16,17.25,1,0,1
150,BK,NJ,0,0,0,0,0,post,12,20,3,5.75,15,25,2,1,1
156,BK,NJ,0,0,0,0,0,pre,8,15,3,4.87,15,18.5,1,0,1
156,BK,NJ,0,0,0,0,0,post,2,18,2,5.05,15,13,2,1,1
158,KFC,NJ,0,0,0,0,0,pre,2,7,3,4.5,10,8.5,1,0,1
158,KFC,NJ,0,0,0,0,0,post,3,4,4,5.05,11.5,9,2,1,1
159,KFC,NJ,0,0,0,0,0,pre,6,12,2,4.5,10.5,14,1,0,1
159,KFC,NJ,0,0,0,0,0,post,10,5,4,5.25,11.5,16.5,2,1,1
162,Roys,NJ,0,0,0,0,0,pre,0,40,3,4.75,16.5,23,1,0,1
162,Roys,NJ,0,0,0,0,0,post,3,30,3,5.05,15.5,21,2,1,1
166,Wendys,NJ,0,0,0,0,0,pre,8,32,5,4.75,11.5,29,1,0,1
166,Wendys,NJ,0,0,0,0,0,post,0,35,4,5.05,12.5,21.5,2,1,1
168,BK,NJ,0,0,0,0,0,pre,5,20,4,4.25,15,19,1,0,1
168,BK,NJ,0,0,0,0,0,post,0,32,4,5.25,16,20,2,1,1
171,BK,NJ,0,0,1,0,0,pre,2,32,3,4.25,16,21,1,0,1
171,BK,NJ,0,0,1,0,0,post,10,12.5,5,5.05,16,21.25,2,1,1
172,BK,NJ,0,0,0,0,0,pre,0,24,5,4.75,12.5,17,1,0,1
172,BK,NJ,0,0,0,0,0,post,7,23,3,5.05,13,21.5,2,1,1
173,BK,NJ,0,0,0,0,0,pre,6,40,10,4.85,17.5,36,1,0,1
173,BK,NJ,0,0,0,0,0,post,11,30,5,5.05,18,31,2,1,1
174,BK,NJ,0,0,1,0,0,pre,11,20,4,4.75,16,25,1,0,1
174,BK,NJ,0,0,1,0,0,post,20,20,3,5.05,16,33,2,1,1
176,BK,NJ,0,0,0,0,0,pre,15,21,4,4.62,16,29.5,1,0,1
176,BK,NJ,0,0,0,0,0,post,20,27.5,4,5.05,16,37.75,2,1,1
178,KFC,NJ,0,0,1,0,0,pre,13,12,3,4.25,10,22,1,0,1
178,KFC,NJ,0,0,1,0,0,post,1,10,3,5.05,10.5,9,2,1,1
179,KFC,NJ,0,0,0,0,0,pre,2,12,3,4.25,10.5,11,1,0,1
179,KFC,NJ,0,0,0,0,0,post,2,10,4,5.05,11,11,2,1,1
180,KFC,NJ,0,0,1,0,0,pre,8,3,4,4.5,11,13.5,1,0,1
180,KFC,NJ,0,0,1,0,0,post,0,17.5,4,5.05,12,12.75,2,1,1
182,KFC,NJ,1,0,1,0,0,pre,3,15,3,4.5,11,13.5,1,0,1
182,KFC,NJ,1,0,1,0,0,post,0,15,3,5.05,10,10.5,2,1,1
183,KFC,NJ,0,0,0,0,0,pre,12,4,4,4.62,11,18,1,0,1
183,KFC,NJ,0,0,0,0,0,post,15,10,2,5.05,10.5,22,2,1,1
185,KFC,NJ,0,1,1,0,0,pre,2,9,3,4.5,10.5,9.5,1,0,1
185,KFC,NJ,0,1,1,0,0,post,2,6,3,5.05,10.5,8,2,1,1
186,Roys,NJ,0,0,0,0,0,pre,10,20,4,4.75,16,24,1,0,1
186,Roys,NJ,0,0,0,0,0,post,12,18,4,5.05,16,25,2,1,1
189,Roys,NJ,0,0,0,0,0,pre,4,15,3,4.75,15,14.5,1,0,1
189,Roys,NJ,0,0,0,0,0,post,0,19,3,5.05,15,12.5,2,1,1
192,Wendys,NJ,0,0,0,0,0,pre,20,10,4,4.87,12,29,1,0,1
192,Wendys,NJ,0,0,0,0,0,post,4.5,30,3,5.25,12.5,22.5,2,1,1
193,Wendys,NJ,0,0,1,0,0,pre,1,13,3,4.5,11,10.5,1,0,1
193,Wendys,NJ,0,0,1,0,0,post,4,9,3,5.05,13,11.5,2,1,1
195,Wendys,NJ,0,0,1,0,0,pre,0,30,3,4.25,11.5,18,1,0,1
195,Wendys,NJ,0,0,1,0,0,post,8,25,3,5.05,12.5,23.5,2,1,1
198,BK,NJ,0,0,0,0,0,pre,NA,NA,4,4.25,16,NA,1,0,1
198,BK,NJ,0,0,0,0,0,post,10,32,4,5.05,16,30,2,1,1
199,KFC,NJ,0,0,0,0,0,pre,0,12,3,4.35,10,9,1,0,1
199,KFC,NJ,0,0,0,0,0,post,11,3,4,5.05,10.5,16.5,2,1,1
200,BK,NJ,0,0,0,0,0,pre,0,60,3,4.25,18,33,1,0,1
200,BK,NJ,0,0,0,0,0,post,5,40,4,5.05,17.5,29,2,1,1
201,BK,NJ,0,0,0,0,0,pre,0,33,3,4.5,17,19.5,1,0,1
201,BK,NJ,0,0,0,0,0,post,16,22,3,5.05,17,30,2,1,1
202,BK,NJ,0,0,0,0,0,pre,30,14,4,4.25,19,41,1,0,1
202,BK,NJ,0,0,0,0,0,post,13,11,4,5.05,19,22.5,2,1,1
203,BK,NJ,0,0,0,0,0,pre,9,12,2,4.25,17,17,1,0,1
203,BK,NJ,0,0,0,0,0,post,4,34,3,5.05,17,24,2,1,1
204,BK,NJ,0,0,0,0,0,pre,10,8.5,4,4.25,17.5,18.25,1,0,1
204,BK,NJ,0,0,0,0,0,post,12,13.5,3,5.05,17.5,21.75,2,1,1
207,KFC,NJ,0,0,0,0,0,pre,8,10,4,4.75,12,17,1,0,1
207,KFC,NJ,0,0,0,0,0,post,8.5,6,2,5.2,12,13.5,2,1,1
208,Roys,NJ,0,0,0,0,0,pre,12,32,4,4.62,17,32,1,0,1
208,Roys,NJ,0,0,0,0,0,post,5,32,3,5.05,14,24,2,1,1
209,Roys,NJ,0,0,0,0,0,pre,4,36,4,4.25,18,26,1,0,1
209,Roys,NJ,0,0,0,0,0,post,6,37,4,5.05,16,28.5,2,1,1
210,Wendys,NJ,0,0,0,0,0,pre,0,19,2,4.5,11.5,11.5,1,0,1
210,Wendys,NJ,0,0,0,0,0,post,0,14,3,5.05,11,10,2,1,1
211,BK,NJ,1,0,0,0,0,pre,3,28,4,4.5,15,21,1,0,1
211,BK,NJ,1,0,0,0,0,post,2,35,4,5.05,15,23.5,2,1,1
212,BK,NJ,1,0,0,0,0,pre,11,17.5,3,4.5,16,22.75,1,0,1
212,BK,NJ,1,0,0,0,0,post,20,15,3,5.05,16,30.5,2,1,1
213,BK,NJ,1,0,0,0,0,pre,4.5,20,4,4.55,17.5,18.5,1,0,1
213,BK,NJ,1,0,0,0,0,post,12,17.5,4,5.05,17.5,24.75,2,1,1
214,BK,NJ,1,0,0,0,0,pre,2,30,3,4.62,16,20,1,0,1
214,BK,NJ,1,0,0,0,0,post,0,35,5,5.05,16.25,22.5,2,1,1
215,BK,NJ,1,0,0,0,0,pre,10,10,3,4.5,16,18,1,0,1
215,BK,NJ,1,0,0,0,0,post,20,10,3,5.05,16,28,2,1,1
216,KFC,NJ,1,0,0,0,0,pre,2,11,3,4.25,10.5,10.5,1,0,1
216,KFC,NJ,1,0,0,0,0,post,2,18,3,5.05,10.5,14,2,1,1
217,KFC,NJ,1,0,0,0,0,pre,2,13,2,4.25,10,10.5,1,0,1
217,KFC,NJ,1,0,0,0,0,post,0,12,3,5.05,10.5,9,2,1,1
218,KFC,NJ,1,0,0,0,0,pre,7,4,2,4.35,10,11,1,0,1
218,KFC,NJ,1,0,0,0,0,post,5,3,3,5.05,11,9.5,2,1,1
219,KFC,NJ,1,0,0,0,0,pre,3,9,3,4.25,10,10.5,1,0,1
219,KFC,NJ,1,0,0,0,0,post,9,9,2,5.05,10.5,15.5,2,1,1
220,KFC,NJ,1,0,0,0,0,pre,3,15,2,4.25,10,12.5,1,0,1
220,KFC,NJ,1,0,0,0,0,post,3,12,3,5.05,10,12,2,1,1
221,KFC,NJ,1,0,0,0,0,pre,1,28,3,4.6,11,18,1,0,1
221,KFC,NJ,1,0,0,0,0,post,1,15,3,5.05,11,11.5,2,1,1
222,Roys,NJ,1,0,0,0,0,pre,2,24,3,4.25,12.5,17,1,0,1
222,Roys,NJ,1,0,0,0,0,post,2,15,3,5.05,11.5,12.5,2,1,1
223,Roys,NJ,1,0,0,0,0,pre,3,18,3,4.75,16,15,1,0,1
223,Roys,NJ,1,0,0,0,0,post,3,20,3,5.05,15,16,2,1,1
225,Roys,NJ,1,0,0,0,0,pre,3,27,3,4.75,17,19.5,1,0,1
225,Roys,NJ,1,0,0,0,0,post,12,25,4,5.05,17,28.5,2,1,1
226,Wendys,NJ,1,0,0,0,0,pre,0,22,2,4.25,11.5,13,1,0,1
226,Wendys,NJ,1,0,0,0,0,post,0,26,2,5.3,10.5,15,2,1,1
228,Wendys,NJ,1,0,0,0,0,pre,3,28.5,3,4.5,12.5,20.25,1,0,1
228,Wendys,NJ,1,0,0,0,0,post,11,19,3,5.05,12.5,23.5,2,1,1
229,BK,NJ,0,0,0,0,0,pre,3,40,3,4.5,13.5,26,1,0,1
229,BK,NJ,0,0,0,0,0,post,22,11,3,5.5,13.5,30.5,2,1,1
230,BK,NJ,0,0,0,0,0,pre,0,25,3,4.25,17,15.5,1,0,1
230,BK,NJ,0,0,0,0,0,post,15,17,3,5.05,17,26.5,2,1,1
232,BK,NJ,0,0,0,0,0,pre,18,6,3,4.75,16,24,1,0,1
232,BK,NJ,0,0,0,0,0,post,18,10,4,5.05,15,27,2,1,1
233,BK,NJ,0,0,0,0,0,pre,19,7,3,4.65,16,25.5,1,0,1
233,BK,NJ,0,0,0,0,0,post,15,7,3,5.05,16,21.5,2,1,1
235,BK,NJ,0,0,0,0,0,pre,5,17,1,4.25,16,14.5,1,0,1
235,BK,NJ,0,0,0,0,0,post,NA,28,3,5.05,15,NA,2,1,1
237,BK,NJ,0,0,0,0,0,pre,12,11,4,4.25,16,21.5,1,0,1
237,BK,NJ,0,0,0,0,0,post,9,17,4,5.05,15.5,21.5,2,1,1
238,KFC,NJ,0,0,0,0,0,pre,0,22,3,4.75,12,14,1,0,1
238,KFC,NJ,0,0,0,0,0,post,25,15,5,5.05,12,37.5,2,1,1
239,KFC,NJ,0,0,0,0,0,pre,15,4,3,4.25,13.5,20,1,0,1
239,KFC,NJ,0,0,0,0,0,post,0,19,2,5.05,12.5,11.5,2,1,1
243,Roys,NJ,0,0,0,0,0,pre,7,25,3,4.5,16.5,22.5,1,0,1
243,Roys,NJ,0,0,0,0,0,post,7,22,3,5.05,15.5,21,2,1,1
244,Roys,NJ,0,0,0,0,0,pre,12,30,3,4.25,18,30,1,0,1
244,Roys,NJ,0,0,0,0,0,post,16,12,6,5.05,17,28,2,1,1
247,Wendys,NJ,0,0,0,0,0,pre,0,40,4,4.5,15.5,24,1,0,1
247,Wendys,NJ,0,0,0,0,0,post,0,40,4,5.05,15.5,24,2,1,1
248,Wendys,NJ,0,0,0,0,0,pre,8,16,6,4.75,16,22,1,0,1
248,Wendys,NJ,0,0,0,0,0,post,10,14,6,5.05,16,23,2,1,1
249,BK,NJ,1,0,1,0,0,pre,6,6,4,4.37,15,13,1,0,1
249,BK,NJ,1,0,1,0,0,post,10,12,3,5.05,15,19,2,1,1
250,KFC,NJ,1,0,1,0,0,pre,1,4,2,4.5,10,5,1,0,1
250,KFC,NJ,1,0,1,0,0,post,2,4,3,5.05,10,7,2,1,1
253,Roys,NJ,1,0,0,0,0,pre,7,7,3,4.87,13,13.5,1,0,1
253,Roys,NJ,1,0,0,0,0,post,4,8,6,5.05,16,14,2,1,1
257,BK,NJ,1,0,1,0,0,pre,20,10,3,4.25,16,28,1,0,1
257,BK,NJ,1,0,1,0,0,post,NA,NA,NA,NA,NA,NA,2,1,1
258,BK,NJ,1,0,0,0,0,pre,4,22,3,4.25,16,18,1,0,1
258,BK,NJ,1,0,0,0,0,post,20,18,3,5.05,18,32,2,1,1
260,BK,NJ,1,0,0,0,0,pre,10,20,4,4.25,16,24,1,0,1
260,BK,NJ,1,0,0,0,0,post,4,26,5,5.05,16,22,2,1,1
262,BK,NJ,1,0,0,0,0,pre,7,13,3,4.25,16.5,16.5,1,0,1
262,BK,NJ,1,0,0,0,0,post,0,22.5,3,5.05,17.5,14.25,2,1,1
264,BK,NJ,1,0,0,0,0,pre,0,10,2,4.25,15,7,1,0,1
264,BK,NJ,1,0,0,0,0,post,0,23,5,5.05,16,16.5,2,1,1
265,BK,NJ,1,0,0,0,0,pre,0,20,1,4.25,16,11,1,0,1
265,BK,NJ,1,0,0,0,0,post,0,0,0,NA,NA,0,2,1,1
267,BK,NJ,1,0,0,0,0,pre,6.5,20,3,4.25,16,19.5,1,0,1
267,BK,NJ,1,0,0,0,0,post,30,25,5,5.05,16,47.5,2,1,1
269,KFC,NJ,1,0,0,0,0,pre,2,10,3,4.45,10,10,1,0,1
269,KFC,NJ,1,0,0,0,0,post,10,3,4,5.05,11,15.5,2,1,1
273,KFC,NJ,1,0,0,0,0,pre,2,14,4,4.62,10,13,1,0,1
273,KFC,NJ,1,0,0,0,0,post,2,11,3,5.05,10,10.5,2,1,1
275,KFC,NJ,1,0,0,0,0,pre,4,4,4,4.25,11,10,1,0,1
275,KFC,NJ,1,0,0,0,0,post,1,8,2,5.05,10.5,7,2,1,1
277,KFC,NJ,1,0,0,0,0,pre,2,15,3,4.25,10,12.5,1,0,1
277,KFC,NJ,1,0,0,0,0,post,1,14,3,5.05,10,11,2,1,1
278,KFC,NJ,1,0,0,0,0,pre,3,4,3,4.25,10,8,1,0,1
278,KFC,NJ,1,0,0,0,0,post,0,9,4,5.05,11,8.5,2,1,1
282,Roys,NJ,1,0,0,0,0,pre,2,14,3,4.25,16,12,1,0,1
282,Roys,NJ,1,0,0,0,0,post,0,0,0,NA,NA,0,2,1,1
284,Roys,NJ,1,0,0,0,0,pre,5,23,4,4.5,16,20.5,1,0,1
284,Roys,NJ,1,0,0,0,0,post,6,12,3,5.05,16,15,2,1,1
285,Roys,NJ,1,0,0,0,0,pre,3,25,3,4.75,16,18.5,1,0,1
285,Roys,NJ,1,0,0,0,0,post,3,15,3,5.05,16,13.5,2,1,1
286,Roys,NJ,1,0,0,0,0,pre,1,15,3,4.75,11.5,11.5,1,0,1
286,Roys,NJ,1,0,0,0,0,post,2,15,3,5.05,11.5,12.5,2,1,1
287,Roys,NJ,1,0,0,0,0,pre,3,18,3,4.5,16,15,1,0,1
287,Roys,NJ,1,0,0,0,0,post,2,15,3,5.05,16,12.5,2,1,1
288,Roys,NJ,1,0,0,0,0,pre,0,20,3,4.75,16,13,1,0,1
288,Roys,NJ,1,0,0,0,0,post,5,9,3,5.05,16,12.5,2,1,1
289,Roys,NJ,1,0,0,0,0,pre,2,12,2,4.25,16,10,1,0,1
289,Roys,NJ,1,0,0,0,0,post,3,10,2,5.05,15,10,2,1,1
290,Wendys,NJ,1,0,0,0,0,pre,8,12,3,4.75,12.5,17,1,0,1
290,Wendys,NJ,1,0,0,0,0,post,0,23,2,5.05,11.5,13.5,2,1,1
291,Wendys,NJ,1,0,0,0,0,pre,4,20,3,4.55,11.5,17,1,0,1
291,Wendys,NJ,1,0,0,0,0,post,5,16,3,5.1,11.5,16,2,1,1
292,Wendys,NJ,1,0,1,0,0,pre,10,15,3,4.8,16,20.5,1,0,1
292,Wendys,NJ,1,0,1,0,0,post,15,11,3,5.05,16,23.5,2,1,1
295,BK,NJ,0,0,0,0,0,pre,8,9,3,4.75,16.5,15.5,1,0,1
295,BK,NJ,0,0,0,0,0,post,NA,21,4,5.05,18,NA,2,1,1
297,BK,NJ,0,0,0,0,0,pre,9,15,3,4.25,16,19.5,1,0,1
297,BK,NJ,0,0,0,0,0,post,15,30,4,5.05,16,34,2,1,1
303,Roys,NJ,0,0,0,0,0,pre,10,35,3,4.35,17,30.5,1,0,1
303,Roys,NJ,0,0,0,0,0,post,12,35,3,5.05,16,32.5,2,1,1
304,Roys,NJ,0,0,0,0,0,pre,10,20,3,4.5,17,23,1,0,1
304,Roys,NJ,0,0,0,0,0,post,10,15,4,5.05,24,21.5,2,1,1
305,Roys,NJ,0,0,0,0,0,pre,0,20,3,4.39,17,13,1,0,1
305,Roys,NJ,0,0,0,0,0,post,5,22,4,5.05,18,20,2,1,1
307,Roys,NJ,0,0,0,0,0,pre,17.5,17.5,4,4.25,18,30.25,1,0,1
307,Roys,NJ,0,0,0,0,0,post,25,25,6,5.2,24,43.5,2,1,1
310,Wendys,NJ,0,0,0,0,0,pre,0,28,4,4.25,11.5,18,1,0,1
310,Wendys,NJ,0,0,0,0,0,post,3,23,3,5.05,11.5,17.5,2,1,1
312,BK,NJ,1,0,1,0,0,pre,4,6,3,4.25,11,10,1,0,1
312,BK,NJ,1,0,1,0,0,post,3,2,3,5.05,10,7,2,1,1
313,BK,NJ,1,0,1,0,0,pre,11,9,4,4.5,15,19.5,1,0,1
313,BK,NJ,1,0,1,0,0,post,0,30,NA,5.05,15,NA,2,1,1
314,BK,NJ,1,0,1,0,0,pre,8,12,3,4.62,15,17,1,0,1
314,BK,NJ,1,0,1,0,0,post,15,6,4,5.25,16,22,2,1,1
316,BK,NJ,1,0,1,0,0,pre,15,15,3,4.62,16,25.5,1,0,1
316,BK,NJ,1,0,1,0,0,post,12,14,3,5.05,16,22,2,1,1
317,BK,NJ,1,0,1,0,0,pre,0,8,2,4.25,12,6,1,0,1
317,BK,NJ,1,0,1,0,0,post,4,0,3,5.05,10.5,7,2,1,1
318,KFC,NJ,1,0,1,0,0,pre,5,7,3,4.75,12,11.5,1,0,1
318,KFC,NJ,1,0,1,0,0,post,7,6,4,5.05,11.5,14,2,1,1
319,KFC,NJ,1,0,1,0,0,pre,0,11,3,4.62,12.5,8.5,1,0,1
319,KFC,NJ,1,0,1,0,0,post,22,4,3,5.05,11.5,27,2,1,1
322,Roys,NJ,1,0,1,0,0,pre,8,13,4,4.75,16,18.5,1,0,1
322,Roys,NJ,1,0,1,0,0,post,12,5,4,5.05,15,18.5,2,1,1
325,Roys,NJ,1,0,1,0,0,pre,4,15,4,4.5,15,15.5,1,0,1
325,Roys,NJ,1,0,1,0,0,post,1,15,3,5.05,15,11.5,2,1,1
333,BK,NJ,0,1,0,0,0,pre,2,16.5,4,4.25,15,14.25,1,0,1
333,BK,NJ,0,1,0,0,0,post,3,20,3,5.05,15,16,2,1,1
336,BK,NJ,1,0,0,0,0,pre,28,12,4,4.5,15,38,1,0,1
336,BK,NJ,1,0,0,0,0,post,10,20,5,5.05,16,25,2,1,1
337,BK,NJ,1,0,0,0,0,pre,5,29.5,5,4.87,17,24.75,1,0,1
337,BK,NJ,1,0,0,0,0,post,25,5,3,5.05,17,30.5,2,1,1
339,BK,NJ,1,0,0,0,0,pre,18,6,2,4.25,16,23,1,0,1
339,BK,NJ,1,0,0,0,0,post,5,9,2,5.05,16,11.5,2,1,1
340,BK,NJ,1,0,0,0,0,pre,6,30,3,4.25,14.5,24,1,0,1
340,BK,NJ,1,0,0,0,0,post,15,17,2,5.05,16,25.5,2,1,1
341,KFC,NJ,1,0,0,0,0,pre,2,7,2,4.62,9.5,7.5,1,0,1
341,KFC,NJ,1,0,0,0,0,post,3,7,3,5.05,11,9.5,2,1,1
343,KFC,NJ,1,0,0,0,0,pre,10,6,2,4.75,10.5,15,1,0,1
343,KFC,NJ,1,0,0,0,0,post,4,11,2,5.05,12,11.5,2,1,1
346,KFC,NJ,1,0,0,0,0,pre,2,10.5,2,4.25,10,9.25,1,0,1
346,KFC,NJ,1,0,0,0,0,post,3,12,3,NA,11,12,2,1,1
348,Roys,NJ,0,1,0,0,0,pre,3,10.5,3,4.25,10.5,11.25,1,0,1
348,Roys,NJ,0,1,0,0,0,post,0,0,0,NA,NA,0,2,1,1
350,Roys,NJ,1,0,0,0,0,pre,8,9,4,4.75,16,16.5,1,0,1
350,Roys,NJ,1,0,0,0,0,post,5,20,2,5.05,17,17,2,1,1
351,Roys,NJ,1,0,0,0,0,pre,2,27.5,3,4.25,16,18.75,1,0,1
351,Roys,NJ,1,0,0,0,0,post,10,20,4,5.05,16,24,2,1,1
352,Roys,NJ,0,0,0,0,0,pre,0,19,4,4.75,11.5,13.5,1,0,1
352,Roys,NJ,0,0,0,0,0,post,NA,NA,NA,NA,NA,NA,2,1,1
353,Roys,NJ,1,0,0,0,0,pre,7.5,22.5,3,4.37,16,21.75,1,0,1
353,Roys,NJ,1,0,0,0,0,post,NA,31,4,5.05,16,NA,2,1,1
355,Wendys,NJ,0,1,0,0,0,pre,2,17,3,4.87,11.5,13.5,1,0,1
355,Wendys,NJ,0,1,0,0,0,post,3,17,2,NA,11.5,13.5,2,1,1
359,BK,NJ,1,0,0,0,0,pre,0,22,4,4.25,15,15,1,0,1
359,BK,NJ,1,0,0,0,0,post,0,26,4,5.05,16,17,2,1,1
360,BK,NJ,1,0,0,0,0,pre,3,25,2,4.25,15,17.5,1,0,1
360,BK,NJ,1,0,0,0,0,post,5,32,7,5.05,16,28,2,1,1
361,BK,NJ,1,0,0,0,0,pre,6,13,5,4.25,16,17.5,1,0,1
361,BK,NJ,1,0,0,0,0,post,4,23,6,5.05,16,21.5,2,1,1
362,KFC,NJ,1,0,0,0,0,pre,6,13,NA,4.25,12.5,NA,1,0,1
362,KFC,NJ,1,0,0,0,0,post,24,4,4,5.05,12.5,30,2,1,1
363,KFC,NJ,1,0,0,0,0,pre,0,25,3,4.25,12.5,15.5,1,0,1
363,KFC,NJ,1,0,0,0,0,post,14,7,2,5.2,12.5,19.5,2,1,1
364,KFC,NJ,1,0,0,0,0,pre,3.5,20,3,4.25,12,16.5,1,0,1
364,KFC,NJ,1,0,0,0,0,post,1,30,4,5.05,12.5,20,2,1,1
366,Roys,NJ,1,0,0,0,0,pre,2,17,3,4.5,11.5,13.5,1,0,1
366,Roys,NJ,1,0,0,0,0,post,1,19,4,5.05,11.5,14.5,2,1,1
368,Wendys,NJ,1,0,0,0,0,pre,0,20,3,4.25,12.5,13,1,0,1
368,Wendys,NJ,1,0,0,0,0,post,0,25,2,5.05,11.5,14.5,2,1,1
369,BK,NJ,0,0,0,0,0,pre,0,15,4,4.35,15,11.5,1,0,1
369,BK,NJ,0,0,0,0,0,post,0,0,0,NA,NA,0,2,1,1
370,BK,NJ,0,0,0,0,0,pre,20,11.5,3.3,4.85,16,29.05,1,0,1
370,BK,NJ,0,0,0,0,0,post,26,5,3,5.05,16,31.5,2,1,1
376,BK,NJ,0,0,0,0,0,pre,4,10,4,4.5,14,13,1,0,1
376,BK,NJ,0,0,0,0,0,post,0,17,3,5.05,14,11.5,2,1,1
377,BK,NJ,0,0,0,0,0,pre,12,6,3,4.25,14,18,1,0,1
377,BK,NJ,0,0,0,0,0,post,11,12,3,5.05,14,20,2,1,1
379,BK,NJ,0,0,0,0,0,pre,20,12,4,4.62,16,30,1,0,1
379,BK,NJ,0,0,0,0,0,post,28,6,3,5.05,16,34,2,1,1
380,BK,NJ,0,0,0,0,0,pre,10,15,3,4.5,16,20.5,1,0,1
380,BK,NJ,0,0,0,0,0,post,15,14,3,5.05,16,25,2,1,1
383,BK,NJ,0,0,0,0,0,pre,6,4,2,4.5,16,10,1,0,1
383,BK,NJ,0,0,0,0,0,post,7,2,2,5.05,16,10,2,1,1
384,BK,NJ,0,0,0,0,0,pre,NA,NA,3,4.65,16,NA,1,0,1
384,BK,NJ,0,0,0,0,0,post,0,30,3,5.05,16,18,2,1,1
385,BK,NJ,0,0,0,0,0,pre,16,14,3,4.25,17,26,1,0,1
385,BK,NJ,0,0,0,0,0,post,15,14,3,5.05,17,25,2,1,1
386,BK,NJ,0,0,0,0,0,pre,0,19,3,4.25,17,12.5,1,0,1
386,BK,NJ,0,0,0,0,0,post,14,10,4,5.05,17,23,2,1,1
391,KFC,NJ,0,0,0,0,0,pre,15,5,2,4.25,10,19.5,1,0,1
391,KFC,NJ,0,0,0,0,0,post,12,7,2,5.05,10,17.5,2,1,1
393,KFC,NJ,0,0,0,0,0,pre,4,10,3,4.62,11,12,1,0,1
393,KFC,NJ,0,0,0,0,0,post,18,4,3,5.25,11,23,2,1,1
396,Roys,NJ,0,0,0,0,0,pre,24,16,4,4.87,17,36,1,0,1
396,Roys,NJ,0,0,0,0,0,post,8,30,3,5.4,16,26,2,1,1
397,Roys,NJ,0,0,0,0,0,pre,4,28,3,4.25,17,21,1,0,1
397,Roys,NJ,0,0,0,0,0,post,6,15,3,5.05,17,16.5,2,1,1
398,Roys,NJ,0,0,0,0,0,pre,14,13,4,4.75,17,24.5,1,0,1
398,Roys,NJ,0,0,0,0,0,post,25,15,3,5.05,17,35.5,2,1,1
399,Roys,NJ,0,0,0,0,0,pre,13,8,3,4.87,17,20,1,0,1
399,Roys,NJ,0,0,0,0,0,post,18,18,4,5.05,16,31,2,1,1
400,Roys,NJ,0,0,0,0,0,pre,16,15,3,4.5,17,26.5,1,0,1
400,Roys,NJ,0,0,0,0,0,post,8,24,3,5.05,16,23,2,1,1
401,Roys,NJ,0,0,0,0,0,pre,8,6,4,4.25,16,15,1,0,1
401,Roys,NJ,0,0,0,0,0,post,5,27,4,5.05,16,22.5,2,1,1
402,Roys,NJ,0,0,0,0,0,pre,11,10,3,4.75,16,19,1,0,1
402,Roys,NJ,0,0,0,0,0,post,17,5,2,5.05,15,21.5,2,1,1
405,Roys,NJ,0,0,0,0,0,pre,6,17,3,4.32,17,17.5,1,0,1
405,Roys,NJ,0,0,0,0,0,post,1.5,15,3,5.05,16,12,2,1,1
410,BK,NJ,0,0,0,0,0,pre,0,35,3,4.25,16,20.5,1,0,1
410,BK,NJ,0,0,0,0,0,post,0,35,3,5.05,16,20.5,2,1,1
411,BK,NJ,0,0,0,0,0,pre,0,36,3,4.5,16,21,1,0,1
411,BK,NJ,0,0,0,0,0,post,4,36,3,5.05,16,25,2,1,1
412,KFC,NJ,0,1,0,0,0,pre,0,17,2,4.5,11,10.5,1,0,1
412,KFC,NJ,0,1,0,0,0,post,0,13,2,5.05,11,8.5,2,1,1
413,BK,NJ,0,0,0,0,0,pre,0,36,5,4.25,17,23,1,0,1
413,BK,NJ,0,0,0,0,0,post,0,20,3,5.05,17,13,2,1,1
414,BK,NJ,0,0,0,0,0,pre,0,36,5,4.25,16,23,1,0,1
414,BK,NJ,0,0,0,0,0,post,13,9,4,5.05,16,21.5,2,1,1
415,BK,NJ,0,0,0,0,0,pre,8,32,5,4.25,16,29,1,0,1
415,BK,NJ,0,0,0,0,0,post,0,38,4,5.05,16,23,2,1,1
417,BK,NJ,0,0,0,0,0,pre,4,28,3,4.25,16,21,1,0,1
417,BK,NJ,0,0,0,0,0,post,13,17,4,5.05,16,25.5,2,1,1
418,BK,NJ,0,0,0,0,0,pre,30,15,4,4.25,15,41.5,1,0,1
418,BK,NJ,0,0,0,0,0,post,0,35,4,5.05,16,21.5,2,1,1
419,KFC,NJ,0,0,0,0,0,pre,3,10,4,4.25,11,12,1,0,1
419,KFC,NJ,0,0,0,0,0,post,5,5,2,5.05,11,9.5,2,1,1
421,KFC,NJ,0,0,0,0,0,pre,20,10,8,4.62,13,33,1,0,1
421,KFC,NJ,0,0,0,0,0,post,25,7,8,5.05,13,36.5,2,1,1
422,KFC,NJ,0,0,0,0,0,pre,0,7,3,4.75,11,6.5,1,0,1
422,KFC,NJ,0,0,0,0,0,post,5,10,6,5.05,11,16,2,1,1
423,KFC,NJ,0,0,0,0,0,pre,2,10,2,4.95,12,9,1,0,1
423,KFC,NJ,0,0,0,0,0,post,19,3.5,3,5.25,11,23.75,2,1,1
424,KFC,NJ,0,0,0,0,0,pre,3.5,6.5,3,4.75,11,9.75,1,0,1
424,KFC,NJ,0,0,0,0,0,post,12,3,4,5.25,14,17.5,2,1,1
426,Roys,NJ,0,0,0,0,0,pre,3,33,5,4.25,19,24.5,1,0,1
426,Roys,NJ,0,0,0,0,0,post,5,25,3,5.05,18,20.5,2,1,1
427,Wendys,NJ,0,0,0,0,0,pre,7,8,3,4.75,12.5,14,1,0,1
427,Wendys,NJ,0,0,0,0,0,post,0,35,3,5.05,12.5,20.5,2,1,1
428,Wendys,NJ,0,0,0,0,0,pre,0,33,3,4.62,12.5,19.5,1,0,1
428,Wendys,NJ,0,0,0,0,0,post,10,24,3,5.14,12.5,25,2,1,1
